{
	"$schema": "https://schema.management.azure.com/schemas/2015-01-01/deploymentTemplate.json#",
	"contentVersion": "1.0.0.0",
	"parameters": {
		"loadBalancerSku": {
			"type": "string"
		},
		"location": {
			"type": "string"
		},
		"virtualMachineName": {
			"type": "string"
		},
		"avSetName": {
			"type": "string",
			"defaultValue": "empty"
		},
		"imageSku": {
			"type": "string"
		},
		"imageOffer": {
			"type": "string"
		},
		"imagePublisher": {
			"type": "string"
		},
		"nicName": {
			"type": "string"
		},
		"vmSize": {
			"type": "string"
		},
		"adminUsername": {
			"type": "string"
		},
		"adminPassword": {
			"type": "securestring"
		},
		"storageName": {
			"type": "string"
		},
		"BootstrapUri": {
			"type": "string"
		},
		"BootstrapUriSizeGB": {
			"type": "string"
		},
		"sshKey": {
			"type": "string"
		}
	},

	"variables": {},

	"resources": [
		{
			"condition": "[equals(parameters('loadBalancerSku'), 'Standard')]", 
			"type": "Microsoft.Compute/virtualMachines",
			"name": "[parameters('virtualMachineName')]",
			"location": "[parameters('location')]",
			"apiVersion": "2015-05-01-preview",
			"plan": {
				"name": "[parameters('imageSku')]",
				"product": "[parameters('imageOffer')]",
				"publisher": "[parameters('imagePublisher')]"
			},
			"properties": {
				"hardwareProfile": {
					"vmSize": "[parameters('vmSize')]"
				},
				"osProfile": {
					"computerName": "[parameters('virtualMachineName')]",
					"adminUsername": "[parameters('adminUsername')]",
					"adminPassword": "[parameters('adminPassword')]"
				},
				"storageProfile": {
					"imageReference": {
						"publisher": "[parameters('imagePublisher')]",
						"offer": "[parameters('imageOffer')]",
						"sku": "[parameters('imageSku')]",
						"version": "latest"
					},
					"dataDisks": [
						{
							"name": "datadisk1",
							"diskSizeGB": "[parameters('BootstrapUriSizeGB')]",
							"lun": 0,
							"vhd": {
								"uri": "[parameters('BootstrapUri')]"
							},
							"caching": "ReadOnly",
							"createOption": "Attach"
						}
					],
					"osDisk": {
						"name": "osdisk",
						"vhd": {
							"uri": "[concat('http://', parameters('storageName'), '.blob.core.windows.net/vhds/', parameters('virtualMachineName'), '-', parameters('imageOffer'), '-', parameters('imageSku'), '.vhd')]"
						},
						"caching": "ReadWrite",
						"createOption": "FromImage"
					}
				},
				"networkProfile": {
					"networkInterfaces": [
						{
							"id": "[resourceId('Microsoft.Network/networkInterfaces', concat(parameters('nicName'),'-nic0'))]",
							"properties": {
								"primary": true
							}
						},
						{
							"id": "[resourceId('Microsoft.Network/networkInterfaces', concat(parameters('nicName'),'-nic1-std'))]",
							"properties": {
								"primary": false
							}
						},
						{
							"id": "[resourceId('Microsoft.Network/networkInterfaces', concat(parameters('nicName'),'-nic2'))]",
							"properties": {
								"primary": false
							}
						}
					]
				}
			}
		},
		{
			"condition": "[equals(parameters('loadBalancerSku'), 'Basic')]", 
			"type": "Microsoft.Compute/virtualMachines",
			"name": "[parameters('virtualMachineName')]",
			"location": "[parameters('location')]",
			"apiVersion": "2015-05-01-preview",
			"plan": {
				"name": "[parameters('imageSku')]",
				"product": "[parameters('imageOffer')]",
				"publisher": "[parameters('imagePublisher')]"
			},
			"properties": {
				"availabilitySet": {
					"id": "[resourceId('Microsoft.Compute/availabilitySets',parameters('avSetName'))]"
				},
				"hardwareProfile": {
					"vmSize": "[parameters('vmSize')]"
				},
				"osProfile": {
					"computerName": "[parameters('virtualMachineName')]",
					"adminUsername": "[parameters('adminUsername')]",
					"adminPassword": "[parameters('adminPassword')]"
				},
				"storageProfile": {
					"imageReference": {
						"publisher": "[parameters('imagePublisher')]",
						"offer": "[parameters('imageOffer')]",
						"sku": "[parameters('imageSku')]",
						"version": "latest"
					},
					"dataDisks": [
						{
							"name": "datadisk1",
							"diskSizeGB": "[parameters('BootstrapUriSizeGB')]",
							"lun": 0,
							"vhd": {
								"uri": "[parameters('BootstrapUri')]"
							},
							"caching": "ReadOnly",
							"createOption": "Attach"
						}
					],
					"osDisk": {
						"name": "osdisk",
						"vhd": {
							"uri": "[concat('http://', parameters('storageName'), '.blob.core.windows.net/vhds/', parameters('virtualMachineName'), '-', parameters('imageOffer'), '-', parameters('imageSku'), '.vhd')]"
						},
						"caching": "ReadWrite",
						"createOption": "FromImage"
					}
				},
				"networkProfile": {
					"networkInterfaces": [
						{
							"id": "[resourceId('Microsoft.Network/networkInterfaces', concat(parameters('nicName'),'-nic0'))]",
							"properties": {
								"primary": true
							}
						},
						{
							"id": "[resourceId('Microsoft.Network/networkInterfaces', concat(parameters('nicName'),'-nic1-basic'))]",
							"properties": {
								"primary": false
							}
						},
						{
							"id": "[resourceId('Microsoft.Network/networkInterfaces', concat(parameters('nicName'),'-nic2'))]",
							"properties": {
								"primary": false
							}
						}
					]
				}
			}
		}
	]
}
