{
	"$schema": "https://schema.management.azure.com/schemas/2015-01-01/deploymentTemplate.json#",
	"contentVersion": "1.0.0.0",
	"parameters": {
		"loadBalancerSku": {
			"type": "string",
			"allowedValues": [
				"Standard",
				"Basic"
			],
			"metadata": {
				"description": "Standard or Basic"
			},
			"defaultValue": "Standard"
		},
		"storageName": {
			"type": "string",
			"metadata": {
				"description": "Name prefix of the new storage account created to store the VM's disks"
			}
		},
		"avSetName": {
			"type": "string",
			"defaultValue": "firewall-avset",
			"metadata": {
				"description": "Availability Set name"
			}
		},
		"location": {
			"type": "string",
			"metadata": {
				"description": "Deployment location"
			}
		},
		"baseUrl": {
			"type": "string",
			"metadata": {
				"description": "Deployment location"
			}
		},
		"vmCount": {
			"type": "int",
			"defaultValue": 2,
			"metadata": {
				"description": "Number of VM-Series firewall"
			}
		},
		"virtualMachineName": {
			"type": "string",
			"metadata": {
				"description": "Name of VM-Series VM in the Azure portal"
			},
			"defaultValue": "vmSeries"
		},
		"vmSize": {
			"type": "string",
			"allowedValues": [
				"Standard_D3",
				"Standard_D4",
				"Standard_D3_v2",
				"Standard_D4_v2",
				"Standard_D5_v2",
				"Standard_D14_v2",
				"Standard_A4"
			],
			"metadata": {
				"description": "Azure VM size for VM-Series"
			},
			"defaultValue": "Standard_D3"
		},
		"imageSku": {
			"type": "string",
			"allowedValues": [
				"byol",
				"bundle1",
				"bundle2"
			],
			"metadata": {
				"description": "byol = Bring Your Own License; bundle1 = Bundle 1 PAYG (Hourly); bundle2 = Bundle 2 PAYG (Hourly)"
			},
			"defaultValue": "byol"
		},
		"bootstrap": {
			"type": "string",
			"defaultValue" : "no",
			"allowedValues": [
				"yes",
				"no"
			],
			"metadata": {
				"description": "Bootstrap disk yes or no"
			}
		},
		"bootstrapUri": {
			"type": "string",
			"defaultValue": "",
			"metadata": {
				"description": "bootstrap disk storage account URI with container name"
			}
		},
		"bootstrapUriSizeGB": {
			"type": "string",
			"defaultValue": "1",
			"metadata": {
				"description": "bootstrap disk disk in GB"
			}
		},
		"authenticationType": {
			"type": "string",
			"metadata": {
				"description": "Type of administrator user authentication "
			},
			"allowedValues": [
				"sshPublicKey",
				"password"
			],
			"defaultValue": "password"
		},
		"adminUsername": {
			"type": "string",
			"metadata": {
				"description": "Username of the administrator account of VM-Series"
			}
		},
		"adminPassword": {
			"type": "securestring",
			"defaultValue": "",
			"metadata": {
				"description": "Password for the administrator account of VM-Series"
			}
		},
		"sshKey": {
			"type": "string",
			"defaultValue": "",
			"metadata": {
				"description": "SSH rsa public key file as a string."
			}
		},
		"virtualNetworkRG": {
			"type": "string",
			"metadata": {
				"description": "Name of the Virtual Network Resource Group"
			}
		},
		"virtualNetworkName": {
			"type": "string",
			"metadata": {
				"description": "Name of the Virtual Network (VNET)"
			}
		},
		"mgmtSubnetName": {
			"type": "string",
			"metadata": {
				"description": "Name of the Management subnet"
			}
		},
		"untrustSubnetName": {
			"type": "string",
			"metadata": {
				"description": "Name of the Untrust subnet"
			}
		},
		"trustSubnetName": {
			"type": "string",
			"metadata": {
				"description": "Name of the Trust subnet"
			}
		},
		"loadBalancerName": {
			"type": "string",
			"metadata": {
				"description": "Name of the inbound load balancer"
			}
		}
	},

	"variables": {
		"vnetId": "[resourceId(parameters('virtualNetworkRG'), 'Microsoft.Network/virtualNetworks/', parameters('virtualNetworkName'))]",
		"lbId": "[resourceId('Microsoft.Network/loadBalancers/', parameters('loadBalancerName'))]",
		
		"deployVmURL" : "[concat(parameters('baseUrl'),'/deployVm-inbound', parameters('authenticationType'), '-bs-', parameters('bootstrap'),'.json')]",
		"imagePublisher": "paloaltonetworks",
		"imageOffer": "vmseries1",
		"version": "latest"
	},

	"resources": [

		{ 
			"condition": "[equals(parameters('loadBalancerSku'), 'Basic')]", 
			"apiVersion": "2015-05-01-preview",
			"type": "Microsoft.Compute/availabilitySets",
			"name": "[parameters('avSetName')]",
			"location": "[parameters('location')]"
		},
		{
			"name": "[concat(parameters('virtualMachineName'), copyindex(), '-nic0')]",
			"type": "Microsoft.Network/networkInterfaces",
			"location": "[parameters('location')]",
			"apiVersion": "2015-06-15",
			"copy": {
				"name": "nicLoop",
				"count": "[parameters('vmCount')]"
			},			
			"properties": {
				"ipConfigurations": [
					{
						"name": "ipconfig-mgmt",
						"properties": {
							"privateIPAllocationMethod": "Dynamic",
							"subnet": {
								"id": "[concat(variables('vnetId'),'/subnets/', parameters ('mgmtSubnetName'))]"
							}
						}
					}
				]
			}
		},

		{
			"condition": "[equals(parameters('loadBalancerSku'), 'Standard')]", 
			"name": "[concat(parameters('virtualMachineName'), copyindex(), '-nic1')]",
			"type": "Microsoft.Network/networkInterfaces",
			"location": "[parameters('location')]",
			"apiVersion": "2015-06-15",
			"copy": {
				"name": "nicLoop",
				"count": "[parameters('vmCount')]"
			},			
			"properties": {
				"enableIPForwarding": true,
				"ipConfigurations": [
					{
						"name": "ipconfig-untrust",
						"properties": {
							"privateIPAllocationMethod": "Dynamic",
							"subnet": {
								"id": "[concat(variables('vnetId'),'/subnets/', parameters ('untrustSubnetName'))]"
							},
							"loadBalancerBackendAddressPools": [
								{
									"id": "[concat(variables('lbId'), '/backendAddressPools/BackendPool')]"
								}
							]
						}
					}
				]
			}
		},
		{
			"condition": "[equals(parameters('loadBalancerSku'), 'Basic')]", 
			"name": "[concat(parameters('virtualMachineName'), copyindex(), '-nic1-basic')]",
			"type": "Microsoft.Network/networkInterfaces",
			"location": "[parameters('location')]",
			"apiVersion": "2015-06-15",
			"copy": {
				"name": "nicLoop",
				"count": "[parameters('vmCount')]"
			},			
			"properties": {
				"enableIPForwarding": true,
				"ipConfigurations": [
					{
						"name": "ipconfig-untrust",
						"properties": {
							"privateIPAllocationMethod": "Dynamic",
							"subnet": {
								"id": "[concat(variables('vnetId'),'/subnets/', parameters ('untrustSubnetName'))]"
							}
						}
					}
				]
			}
		},

		{
			"name": "[concat(parameters('virtualMachineName'), copyindex(), '-nic2')]",
			"type": "Microsoft.Network/networkInterfaces",
			"location": "[parameters('location')]",
			"apiVersion": "2015-06-15",
			"copy": {
				"name": "nicLoop",
				"count": "[parameters('vmCount')]"
			},			
			"properties": {
				"enableIPForwarding": true,
				"ipConfigurations": [
					{
						"name": "ipconfig-trust",
						"properties": {
							"privateIPAllocationMethod": "Dynamic",
							"subnet": {
								"id": "[concat(variables('vnetId'),'/subnets/', parameters ('trustSubnetName'))]"
							}
						}
					}
				]
			}
		},


		{
			"condition": "[equals(parameters('loadBalancerSku'), 'Basic')]", 
			"name": "[concat(parameters('virtualMachineName'), '-basic-', copyindex())]",
			"type": "Microsoft.Resources/deployments",
			"apiVersion": "2015-01-01",
			"dependsOn": [
				"[concat('Microsoft.Compute/availabilitySets/', parameters('avSetName'))]",
				"[concat('Microsoft.Network/networkInterfaces/', parameters('virtualMachineName'), copyindex(), '-nic0')]",
				"[concat('Microsoft.Network/networkInterfaces/', parameters('virtualMachineName'), copyindex(), '-nic1-basic')]",
				"[concat('Microsoft.Network/networkInterfaces/', parameters('virtualMachineName'), copyindex(), '-nic2')]"
			],
			"copy": {
				"name": "vmLoop",
				"count": "[parameters('vmCount')]"
			},
			"properties": {
				"mode": "Incremental",
				"templateLink": {
					"uri": "[variables('deployVmURL')]",
					"contentVersion": "1.0.0.0"
				},
				"parameters": {
					"loadBalancerSku": {
						"value": "[parameters('loadBalancerSku')]",
						"defaultValue" : "Standard"
					},
					"location": {
						"value": "[parameters('location')]"
					},
					"avSetName": {
						"value": "[parameters('avSetName')]"
					},
					"virtualMachineName": {
						"value": "[concat(parameters('virtualMachineName'), copyindex())]"
					},
					"imageSku": {
						"value": "[parameters('imageSku')]"
					},
					"imageOffer": {
						"value": "[variables('imageOffer')]"
					},
					"imagePublisher": {
						"value": "[variables('imagePublisher')]"
					},
					"nicName": {
						"value": "[concat(parameters('virtualMachineName'), copyindex())]"
					},
					"vmSize": {
						"value": "[parameters('vmSize')]"
					},
					"adminUsername": {
						"value": "[parameters('adminUsername')]"
					},
					"adminPassword": {
						"value": "[parameters('adminPassword')]"
					},
					"storageName": {
						"value": "[parameters('storageName')]"
					},
					"sshKey": {
						"value": "[parameters('sshKey')]"
					},
					"bootstrapUri": {
						"value": "[parameters('BootstrapUri')]"
					},
					"bootstrapUriSizeGB": {
						"value": "[parameters('BootstrapUriSizeGB')]"
					}
				}
			}
		},

		{
			"condition": "[equals(parameters('loadBalancerSku'), 'Standard')]", 
			"name": "[concat(parameters('virtualMachineName'), '-std-', copyindex())]",
			"type": "Microsoft.Resources/deployments",
			"apiVersion": "2015-01-01",
			"dependsOn": [
				"[concat('Microsoft.Network/networkInterfaces/', parameters('virtualMachineName'), copyindex(), '-nic0')]",
				"[concat('Microsoft.Network/networkInterfaces/', parameters('virtualMachineName'), copyindex(), '-nic1')]",
				"[concat('Microsoft.Network/networkInterfaces/', parameters('virtualMachineName'), copyindex(), '-nic2')]"
			],
			"copy": {
				"name": "vmLoop",
				"count": "[parameters('vmCount')]"
			},
			"properties": {
				"mode": "Incremental",
				"templateLink": {
					"uri": "[variables('deployVmURL')]",
					"contentVersion": "1.0.0.0"
				},
				"parameters": {
					"loadBalancerSku": {
						"value": "[parameters('loadBalancerSku')]"
					},
					"location": {
						"value": "[parameters('location')]"
					},
					"virtualMachineName": {
						"value": "[concat(parameters('virtualMachineName'), copyindex())]"
					},
					"imageSku": {
						"value": "[parameters('imageSku')]"
					},
					"imageOffer": {
						"value": "[variables('imageOffer')]"
					},
					"imagePublisher": {
						"value": "[variables('imagePublisher')]"
					},
					"nicName": {
						"value": "[concat(parameters('virtualMachineName'), copyindex())]"
					},
					"vmSize": {
						"value": "[parameters('vmSize')]"
					},
					"adminUsername": {
						"value": "[parameters('adminUsername')]"
					},
					"adminPassword": {
						"value": "[parameters('adminPassword')]"
					},
					"storageName": {
						"value": "[parameters('storageName')]"
					},
					"sshKey": {
						"value": "[parameters('sshKey')]"
					},
					"bootstrapUri": {
						"value": "[parameters('BootstrapUri')]"
					},
					"bootstrapUriSizeGB": {
						"value": "[parameters('BootstrapUriSizeGB')]"
					}
				}
			}
		}
	]
}
