{
	"$schema": "https://schema.management.azure.com/schemas/2015-01-01/deploymentTemplate.json#",
	"contentVersion": "1.0.0.0",
	"parameters": {
		"storageName": {
			"type": "string",
			"metadata": {
				"description": "Name of the storage account created to store the VM's disks.  Storage account name must be globally unique."
			},
			"defaultValue": "lbstor"
		},
		"mgmtPublicIPDns": {
			"type": "string",
			"metadata": {
				"description": "DNS Name prefix of public IP resource for Management interface of VM-Series firewall.  Name must be globally unique."
			},
			"defaultValue": "fwpubip"
		},
		"networkSecurityGroupName": {
			"type": "string",
			"defaultValue": "nsg",
			"metadata": {
				"description": "Network Security Group Name"
			}
		},
		"networkSecurityGroupInboundIP": {
			"type": "string",
			"metadata": {
				"description": "Your source public IP address. Added to the inbound NSG on eth0 (MGMT), to restrict access to the deployment."
			},
			"defaultValue": "0.0.0.0/0"
		},
		"avSetName": {
			"type": "string",
			"metadata": {
				"description": "Firewall Availability set prefix"
			},
			"defaultValue": "egress-avset"
		},
		"storageType": {
			"type": "string",
			"allowedValues": [
				"Standard_LRS",
				"Standard_GRS",
				"Premium_LRS",
				"Standard_RAGRS"
			],
			"metadata": {
				"description": "Type of the storage account created"
			},
			"defaultValue": "Standard_LRS"
		},
		"virtualNetworkName": {
			"type": "string",
			"defaultValue": "hub-vnet",
			"metadata": {
				"description": "Virtual Network Name"
			}
		},
		"virtualNetworkAddressPrefix": {
			"type": "string",
			"defaultValue": "10.0.0.0/16",
			"metadata": {
				"description": "CIDR for Virtual Network"
			}
		},
		"mgmtSubnetName": {
			"type": "string",
			"defaultValue": "Mgmt",
			"metadata": {
				"description": "Subnet for Management Network"
			}
		},
		"mgmtSubnetPrefix": {
			"type": "string",
			"defaultValue": "10.0.0.0/24",
			"metadata": {
				"description": "CIDR for Management Network"
			}
		},
		"untrustedSubnetName": {
			"type": "string",
			"defaultValue": "Egress-Untrust",
			"metadata": {
				"description": "Subnet for Untrusted Network"
			}
		},
		"untrustedSubnetPrefix": {
			"type": "string",
			"defaultValue": "10.0.1.0/24",
			"metadata": {
				"description": "CIDR for Untrusted Network"
			}
        },
        "tcpuntrustSubnetName": {
			"type": "string",
			"defaultValue": "tcpinbound-Untrust",
			"metadata": {
				"description": "Subnet for Untrusted Network"
			}
		},
		"tcpuntrustSubnetPrefix": {
			"type": "string",
			"defaultValue": "10.0.3.0/24",
			"metadata": {
				"description": "CIDR for TCPInbound Untrust Network"
			}
		},
		"tcptrustSubnetName": {
			"type": "string",
			"defaultValue": "tcpinbound-trust",
			"metadata": {
				"description": "Subnet for Untrusted Network"
			}
		},
		"tcptrustSubnetPrefix": {
			"type": "string",
			"defaultValue": "10.0.6.0/24",
			"metadata": {
				"description": "CIDR for TCPInbound Untrust Network"
			}
		},
		"trustedSubnetName": {
			"type": "string",
			"defaultValue": "Egress-Trust",
			"metadata": {
				"description": "Subnet for Trusted Network"
			}
		},
		"trustedSubnetPrefix": {
			"type": "string",
			"defaultValue": "10.0.2.0/24",
			"metadata": {
				"description": "CIDR for Trusted Network"
			}
		},
		"mgmtPublicIPName": {
			"type": "string",
			"metadata": {
				"description": "Name prefix of public IP resource for Management interface of VM-Series firewall."
			},
			"defaultValue": "mgmt-pip"
		},
		"loadBalancerName": {
			"type": "string",
			"metadata": {
				"description": "Prefix for loadbalancer Names"
			},
			"defaultValue": "egress-lb"
		},
		"loadBalancerIP": {
			"type": "string",
			"metadata": {
				"description": "IP Address for the outbound load balancer resource in the Trust network."
			},
			"defaultValue": "10.0.2.100"
        },
		"tcpinboundloadBalancerIP": {
			"type": "string",
			"metadata": {
				"description": "IP Address for the outbound load balancer resource in the Trust network."
			},
			"defaultValue": "10.0.3.100"
        },
		"firewallModel": {
			"type": "string",
			"defaultValue": "bundle1",
			"allowedValues": [
				"byol",
				"bundle1",
				"bundle2"
			],
			"metadata": {
				"description": "byol = Bring Your Own License; bundle1 = Bundle 1 PAYG (Hourly); bundle2 = Bundle 2 PAYG (Hourly)"
			}
		},
		"firewallVmName": {
			"type": "string",
			"metadata": {
				"description": "Name prefix of VM-Series VM in the Azure portal"
			},
			"defaultValue": "panw-fw"
		},
		"firewallVmSize": {
			"type": "string",
			"allowedValues": [
				"Standard_D3",
				"Standard_D4",
				"Standard_D3_v2",
				"Standard_D4_v2",
				"Standard_D5_v2",
				"Standard_D14_v2",
				"Standard_A4"
			],
			"metadata": {
				"description": "Azure VM size for VM-Series"
			},
			"defaultValue": "Standard_D3_v2"
		},
		"username": {
			"type": "string",
			"defaultValue": "pandemo",
			"metadata": {
				"description": "Username of the administrator account of VM instances"
			}
		},
		"password": {
			"type": "securestring",
			"defaultValue": "Dem0pa$$w0rd",
			"metadata": {
				"description": "Password for the administrator account of all VM instances. Must be specified if Authentication Type is 'password'."
			}
		},
		"sshPublicKey": {
			"type": "string",
			"defaultValue": "",
			"metadata": {
				"description": "SSH RSA public key file as a string. Must be specified if Authentication Type is 'sshPublicKey'."
			}
		}
	},
	"variables": {
		"egressloadBalancerName": "[concat(parameters('loadBalancerName'),'egress')]",
		"tcpinboundloadBalancerName": "[concat(parameters('loadBalancerName'),'tcpinbound')]",
		"egressavSetName": "[concat(parameters('avSetName'),'egress')]",
		"tcpinboundavSetName": "[concat(parameters('avSetName'),'egress')]",
		"egressLoadBalancerSku": "Standard",
		"ipLoadBalancerSku": "Standard",
        "tcpinboundLoadBalancerSku": "Standard",
		"baseUrl": "https://raw.githubusercontent.com/jharris10/azure-svcs-hub/master",
		"deployStorageURL": "[concat(variables('baseUrl'),'/deployStorage.json')]",
		"deployNsgURL": "[concat(variables('baseUrl'),'/deployNsg.json')]",
		"deployVnetURL": "[concat(variables('baseUrl'),'/deployVnet.json')]",
		"deployFirewallURL": "[concat(variables('baseUrl'),'/deployFirewall.json')]",
		"deployInboundFirewallURL": "[concat(variables('baseUrl'),'/deployInboundFirewall.json')]",
		"deployLoadBalancerURL": "[concat(variables('baseUrl'),'/deployLoadBalancer.json')]",
		"location": "[resourceGroup().location]",
		"rgname": "[resourceGroup().name]",
		"egressfwstor" : "[concat(parameters('storageName'),'egress')]",
		"ipfwstor" : "[concat(parameters('storageName'),'ipfw')]"

	},
	"resources": [
		{	
			"name": "egressfwdeployStorage",
			"type": "Microsoft.Resources/deployments",
			"apiVersion": "2015-01-01",
			"properties": {
				"mode": "Incremental",
				"templateLink": {
					"uri": "[variables('deployStorageURL')]",
					"contentVersion": "1.0.0.0"
				},
				"parameters": {
					"location": {
						"value": "[variables('location')]"
					},
					"storageType": {
						"value": "[parameters('storageType')]"
					},
                    "storageName": {
						"value": "[variables('egressfwstor')]"
                    }
				}
			}
        },
        {	
			"name": "ipfwdeployStorage",
			"type": "Microsoft.Resources/deployments",
			"apiVersion": "2015-01-01",
			"properties": {
				"mode": "Incremental",
				"templateLink": {
					"uri": "[variables('deployStorageURL')]",
					"contentVersion": "1.0.0.0"
				},
				"parameters": {
					"location": {
						"value": "[variables('location')]"
					},
					"storageType": {
						"value": "[parameters('storageType')]"
					},
					"storageName": {
						"value": "[variables('ipfwstor')]"
					}
				}
			}
		},
		{	
			"name": "deployNsg",
			"type": "Microsoft.Resources/deployments",
			"apiVersion": "2015-01-01",
			"properties": {
				"mode": "Incremental",
				"templateLink": {
					"uri": "[variables('deployNsgURL')]",
					"contentVersion": "1.0.0.0"
				},
				"parameters": {
					"location": {
						"value": "[variables('location')]"
					},
					"nsgName": {
						"value": "[parameters('networkSecurityGroupName')]"
					},
					"srcIPInboundNSG": {
						"value": "[parameters('networkSecurityGroupInboundIP')]"
					},
					"virtualNetworkAddressPrefix": {
						"value": "[parameters('virtualNetworkAddressPrefix')]"
					}
				}
			}
		},
		{	
			"name": "deployVnet",
			"type": "Microsoft.Resources/deployments",
			"apiVersion": "2015-01-01",
			"dependsOn": [
				"Microsoft.Resources/deployments/deployNsg"
			],
			"properties": {
				"mode": "Incremental",
				"templateLink": {
					"uri": "[variables('deployVnetURL')]",
					"contentVersion": "1.0.0.0"
				},
				"parameters": {
					"nsgName": {
						"value": "[parameters('networkSecurityGroupName')]"
					},
					"virtualNetworkName": {
						"value": "[parameters('virtualNetworkName')]"
					},
					"virtualNetworkAddressPrefix": {
						"value": "[parameters('virtualNetworkAddressPrefix')]"
					},
					"mgmtSubnetName": {
						"value": "[parameters('MgmtSubnetName')]"
					},
					"untrustSubnetName": {
						"value": "[parameters('untrustedSubnetName')]"
					},
					"tcpuntrustSubnetName": {
                        "value": "[parameters('tcpuntrustSubnetName')]"
					},
					"tcptrustSubnetName": {
                        "value": "[parameters('tcptrustSubnetName')]"
                    },
					"trustSubnetName": {
						"value": "[parameters('trustedSubnetName')]"
					},
					"mgmtSubnetPrefix": {
						"value": "[parameters('mgmtSubnetPrefix')]"
					},
					"untrustSubnetPrefix": {
						"value": "[parameters('untrustedSubnetPrefix')]"
					},
					"trustSubnetPrefix": {
						"value": "[parameters('trustedSubnetPrefix')]"
                    },
                    "tcpuntrustSubnetPrefix": {
                        "value": "[parameters('tcpuntrustSubnetPrefix')]"
                    },
                    "tcptrustSubnetPrefix": {
                        "value": "[parameters('tcptrustSubnetPrefix')]"
                    }
				}
			}
		},
		{	
			"name": "deployOutboundLoadBalancer",
			"type": "Microsoft.Resources/deployments",
			"apiVersion": "2015-01-01",
			"dependsOn": [
				"Microsoft.Resources/deployments/deployVNet"
			],
			"properties": {
				"mode": "Incremental",
				"templateLink": {
					"uri": "[variables('deployLoadBalancerURL')]",
					"contentVersion": "1.0.0.0"
				},
				"parameters": {
					"loadBalancerSku": {
						"value": "[variables('egressLoadBalancerSku')]"
					},
					"location": {
						"value": "[variables('location')]"
					},
					"virtualNetworkRG": {
						"value": "[variables('rgName')]"
					},
					"virtualNetworkName": {
						"value": "[parameters('virtualNetworkName')]"
					},
					"subnetName": {
						"value": "[parameters('trustedSubnetName')]"
					},
					"loadBalancerName": {
						"value": "[variables('egressloadBalancerName')]"
					},
                    "loadBalancerIP": {
						"value": "[parameters('loadBalancerIP')]"
                    }
				}
			}
        },
		{	
			"name": "deployOutboundFirewall",
			"type": "Microsoft.Resources/deployments",
			"apiVersion": "2015-01-01",
			"dependsOn": [
				"Microsoft.Resources/deployments/egressfwdeployStorage",
				"Microsoft.Resources/deployments/deployVNet",
				"Microsoft.Resources/deployments/deployOutboundLoadBalancer"
			],
			"properties": {
				"mode": "Incremental",
				"templateLink": {
					"uri": "[variables('deployFirewallURL')]",
					"contentVersion": "1.0.0.0"
				},
				"parameters": {
					"loadBalancerSku": {
						"value": "[variables('egressLoadBalancerSku')]"
					},
					"avSetName": {
						"value": "[variables('egressavSetName')]"
					},
					"location": {
						"value": "[variables('location')]"
					},
					"baseUrl": {
						"value": "[variables('baseUrl')]"
					},
					"virtualMachineName": {
						"value": "[concat('out', parameters('firewallVmName'))]"
					},
					"storageName": {
						"value": "[variables('egressfwstor')]"
					},
					"virtualNetworkRG": {
						"value": "[variables('rgName')]"
					},
					"virtualNetworkName": {
						"value": "[parameters('virtualNetworkName')]"
					},
					"mgmtSubnetName": {
						"value": "[parameters('mgmtSubnetName')]"
					},
					"trustSubnetName": {
						"value": "[parameters('trustedSubnetName')]"
					},
					"untrustSubnetName": {
						"value": "[parameters('untrustedSubnetName')]"
					},
					"loadBalancerName": {
						"value": "[parameters('loadBalancerName')]"
					},
					"mgmtPublicIPName": {
						"value": "[concat('out', parameters('mgmtPublicIPName'))]"
					},
					"mgmtPublicIPDns":{
						"value": "[concat('out', parameters('mgmtPublicIPDns'))]"
					},
					"vmSize": {
						"value": "[parameters('firewallVmSize')]"
					},
					"imageSku" : {
						"value": "[parameters('firewallModel')]"
					},
					"adminUsername": {
						"value": "[parameters('username')]"
					},
					"adminPassword": {
						"value": "[parameters('password')]"
					},
					"sshKey": {
						"value": "[parameters('sshPublicKey')]"
					}
				}
			}
		},
		{	
			"name": "deploytcpinboundFirewall",
			"type": "Microsoft.Resources/deployments",
			"apiVersion": "2015-01-01",
			"dependsOn": [
				"Microsoft.Resources/deployments/deployOutboundFirewall",
				"Microsoft.Resources/deployments/ipfwdeployStorage",
				"Microsoft.Resources/deployments/deployVNet",
				"Microsoft.Resources/deployments/deploytcpinboundLoadBalancer"
			],
			"properties": {
				"mode": "Incremental",
				"templateLink": {
					"uri": "[variables('deployFirewallURL')]",
					"contentVersion": "1.0.0.0"
				},
				"parameters": {
					"loadBalancerSku": {
						"value": "[variables('tcpinboundLoadBalancerSku')]"
					},
					"storageName": {
						"value": "[variables('ipfwstor')]"
					},
					"avSetName": {
						"value": "[variables('tcpinboundavSetName')]"
					},
					"location": {
						"value": "[variables('location')]"
					},
					"baseUrl": {
						"value": "[variables('baseUrl')]"
					},
					"vmSize": {
						"value": "[parameters('firewallVmSize')]"
					},

					"imageSku" : {
						"value": "[parameters('firewallModel')]"
					},
					"virtualNetworkRG": {
						"value": "[variables('rgName')]"
					},
					"loadBalancerName": {
						"value": "[variables('tcpinboundloadBalancerName')]"
					},
					"virtualMachineName": {
						"value": "[concat('tcpfw', parameters('firewallVmName'))]"
					},
					"adminUsername": {
						"value": "[parameters('username')]"
					},
					"adminPassword": {
						"value": "[parameters('password')]"
					},
					"sshKey": {
						"value": "[parameters('sshPublicKey')]"
					},
					"virtualNetworkName": {
						"value": "[parameters('virtualNetworkName')]"
					},
					"mgmtSubnetName": {
						"value": "[parameters('mgmtSubnetName')]"
					},
					"untrustSubnetName": {
						"value": "[parameters('trustedSubnetName')]"
					},
					"trustSubnetName": {
						"value": "[parameters('trustedSubnetName')]"
					}
				}
			}
		},
		{	
			"name": "deploytcpinboundLoadBalancer",
			"type": "Microsoft.Resources/deployments",
			"apiVersion": "2015-01-01",
			"dependsOn": [
				"Microsoft.Resources/deployments/deployVNet"
			],
			"properties": {
				"mode": "Incremental",
				"templateLink": {
					"uri": "[variables('deployLoadBalancerURL')]",
					"contentVersion": "1.0.0.0"
				},
				"parameters": {
					"loadBalancerSku": {
						"value": "[variables('ipLoadBalancerSku')]"
					},
					"location": {
						"value": "[variables('location')]"
					},
					"virtualNetworkRG": {
						"value": "[variables('rgName')]"
					},
					"virtualNetworkName": {
						"value": "[parameters('virtualNetworkName')]"
					},
					"subnetName": {
						"value": "[parameters('tcpuntrustSubnetName')]"
					},
					"loadBalancerName": {
						"value": "[variables('tcpinboundloadBalancerName')]"
					},
                    "loadBalancerIP": {
						"value": "[parameters('tcpinboundloadBalancerIP')]"
                    }
				}
			}
		}	
	],
	"outputs": {}
}